slot,local,half_local,best_odd_cycle_len_at_slot,internal_g60_half_flip_distance,signed_distance,baseline_distance,actual_delta_signed_minus_baseline,shortcut_delta_best_odd_minus_internal
0,0,30,3,4,3,4,-1,-1
0,1,31,3,3,3,3,0,0
0,2,32,3,2,2,2,0,1
0,3,33,3,3,3,3,0,0
0,4,34,3,4,3,4,-1,-1
0,5,35,3,6,3,6,-3,-3
0,6,36,3,4,3,4,-1,-1
0,7,37,3,2,2,2,0,1
0,8,38,3,2,2,2,0,1
0,9,39,3,4,3,4,-1,-1
0,10,40,3,2,2,2,0,1
0,11,41,3,3,3,3,0,0
0,12,42,3,4,3,4,-1,-1
0,13,43,3,4,3,4,-1,-1
0,14,44,3,3,3,3,0,0
0,15,45,3,2,2,2,0,1
0,16,46,3,3,3,3,0,0
0,17,47,3,4,3,4,-1,-1
0,18,48,3,4,3,4,-1,-1
0,19,49,3,3,3,3,0,0
0,20,50,3,2,2,2,0,1
0,21,51,3,3,3,3,0,0
0,22,52,3,4,3,4,-1,-1
0,23,53,3,4,3,4,-1,-1
0,24,54,3,3,3,3,0,0
0,25,55,3,2,2,2,0,1
0,26,56,3,3,3,3,0,0
0,27,57,3,4,3,4,-1,-1
0,28,58,3,4,3,4,-1,-1
0,29,59,3,3,3,3,0,0
0,30,0,3,4,3,4,-1,-1
0,31,1,3,3,3,3,0,0
0,32,2,3,2,2,2,0,1
0,33,3,3,3,3,3,0,0
0,34,4,3,4,3,4,-1,-1
0,35,5,3,6,3,6,-3,-3
0,36,6,3,4,3,4,-1,-1
0,37,7,3,2,2,2,0,1
0,38,8,3,2,2,2,0,1
0,39,9,3,4,3,4,-1,-1
0,40,10,3,2,2,2,0,1
0,41,11,3,3,3,3,0,0
0,42,12,3,4,3,4,-1,-1
0,43,13,3,4,3,4,-1,-1
0,44,14,3,3,3,3,0,0
0,45,15,3,2,2,2,0,1
0,46,16,3,3,3,3,0,0
0,47,17,3,4,3,4,-1,-1
0,48,18,3,4,3,4,-1,-1
0,49,19,3,3,3,3,0,0
0,50,20,3,2,2,2,0,1
0,51,21,3,3,3,3,0,0
0,52,22,3,4,3,4,-1,-1
0,53,23,3,4,3,4,-1,-1
0,54,24,3,3,3,3,0,0
0,55,25,3,2,2,2,0,1
0,56,26,3,3,3,3,0,0
0,57,27,3,4,3,4,-1,-1
0,58,28,3,4,3,4,-1,-1
0,59,29,3,3,3,3,0,0
1,0,30,3,4,3,4,-1,-1
1,1,31,3,3,3,3,0,0
1,2,32,3,2,2,2,0,1
1,3,33,3,3,3,3,0,0
1,4,34,3,4,3,4,-1,-1
1,5,35,3,6,3,6,-3,-3
1,6,36,3,4,3,4,-1,-1
1,7,37,3,2,2,2,0,1
1,8,38,3,2,2,2,0,1
1,9,39,3,4,3,4,-1,-1
1,10,40,3,2,2,2,0,1
1,11,41,3,3,3,3,0,0
1,12,42,3,4,3,4,-1,-1
1,13,43,3,4,3,4,-1,-1
1,14,44,3,3,3,3,0,0
1,15,45,3,2,2,2,0,1
1,16,46,3,3,3,3,0,0
1,17,47,3,4,3,4,-1,-1
1,18,48,3,4,3,4,-1,-1
1,19,49,3,3,3,3,0,0
1,20,50,3,2,2,2,0,1
1,21,51,3,3,3,3,0,0
1,22,52,3,4,3,4,-1,-1
1,23,53,3,4,3,4,-1,-1
1,24,54,3,3,3,3,0,0
1,25,55,3,2,2,2,0,1
1,26,56,3,3,3,3,0,0
1,27,57,3,4,3,4,-1,-1
1,28,58,3,4,3,4,-1,-1
1,29,59,3,3,3,3,0,0
1,30,0,3,4,3,4,-1,-1
1,31,1,3,3,3,3,0,0
1,32,2,3,2,2,2,0,1
1,33,3,3,3,3,3,0,0
1,34,4,3,4,3,4,-1,-1
1,35,5,3,6,3,6,-3,-3
1,36,6,3,4,3,4,-1,-1
1,37,7,3,2,2,2,0,1
1,38,8,3,2,2,2,0,1
1,39,9,3,4,3,4,-1,-1
1,40,10,3,2,2,2,0,1
1,41,11,3,3,3,3,0,0
1,42,12,3,4,3,4,-1,-1
1,43,13,3,4,3,4,-1,-1
1,44,14,3,3,3,3,0,0
1,45,15,3,2,2,2,0,1
1,46,16,3,3,3,3,0,0
1,47,17,3,4,3,4,-1,-1
1,48,18,3,4,3,4,-1,-1
1,49,19,3,3,3,3,0,0
1,50,20,3,2,2,2,0,1
1,51,21,3,3,3,3,0,0
1,52,22,3,4,3,4,-1,-1
1,53,23,3,4,3,4,-1,-1
1,54,24,3,3,3,3,0,0
1,55,25,3,2,2,2,0,1
1,56,26,3,3,3,3,0,0
1,57,27,3,4,3,4,-1,-1
1,58,28,3,4,3,4,-1,-1
1,59,29,3,3,3,3,0,0
2,0,30,3,4,3,4,-1,-1
2,1,31,3,3,3,3,0,0
2,2,32,3,2,2,2,0,1
2,3,33,3,3,3,3,0,0
2,4,34,3,4,3,4,-1,-1
2,5,35,3,6,3,6,-3,-3
2,6,36,3,4,3,4,-1,-1
2,7,37,3,2,2,2,0,1
2,8,38,3,2,2,2,0,1
2,9,39,3,4,3,4,-1,-1
2,10,40,3,2,2,2,0,1
2,11,41,3,3,3,3,0,0
2,12,42,3,4,3,4,-1,-1
2,13,43,3,4,3,4,-1,-1
2,14,44,3,3,3,3,0,0
2,15,45,3,2,2,2,0,1
2,16,46,3,3,3,3,0,0
2,17,47,3,4,3,4,-1,-1
2,18,48,3,4,3,4,-1,-1
2,19,49,3,3,3,3,0,0
2,20,50,3,2,2,2,0,1
2,21,51,3,3,3,3,0,0
2,22,52,3,4,3,4,-1,-1
2,23,53,3,4,3,4,-1,-1
2,24,54,3,3,3,3,0,0
2,25,55,3,2,2,2,0,1
2,26,56,3,3,3,3,0,0
2,27,57,3,4,3,4,-1,-1
2,28,58,3,4,3,4,-1,-1
2,29,59,3,3,3,3,0,0
2,30,0,3,4,3,4,-1,-1
2,31,1,3,3,3,3,0,0
2,32,2,3,2,2,2,0,1
2,33,3,3,3,3,3,0,0
2,34,4,3,4,3,4,-1,-1
2,35,5,3,6,3,6,-3,-3
2,36,6,3,4,3,4,-1,-1
2,37,7,3,2,2,2,0,1
2,38,8,3,2,2,2,0,1
2,39,9,3,4,3,4,-1,-1
2,40,10,3,2,2,2,0,1
2,41,11,3,3,3,3,0,0
2,42,12,3,4,3,4,-1,-1
2,43,13,3,4,3,4,-1,-1
2,44,14,3,3,3,3,0,0
2,45,15,3,2,2,2,0,1
2,46,16,3,3,3,3,0,0
2,47,17,3,4,3,4,-1,-1
2,48,18,3,4,3,4,-1,-1
2,49,19,3,3,3,3,0,0
2,50,20,3,2,2,2,0,1
2,51,21,3,3,3,3,0,0
2,52,22,3,4,3,4,-1,-1
2,53,23,3,4,3,4,-1,-1
2,54,24,3,3,3,3,0,0
2,55,25,3,2,2,2,0,1
2,56,26,3,3,3,3,0,0
2,57,27,3,4,3,4,-1,-1
2,58,28,3,4,3,4,-1,-1
2,59,29,3,3,3,3,0,0
3,0,30,3,4,3,4,-1,-1
3,1,31,3,3,3,3,0,0
3,2,32,3,2,2,2,0,1
3,3,33,3,3,3,3,0,0
3,4,34,3,4,3,4,-1,-1
3,5,35,3,6,3,6,-3,-3
3,6,36,3,4,3,4,-1,-1
3,7,37,3,2,2,2,0,1
3,8,38,3,2,2,2,0,1
3,9,39,3,4,3,4,-1,-1
3,10,40,3,2,2,2,0,1
3,11,41,3,3,3,3,0,0
3,12,42,3,4,3,4,-1,-1
3,13,43,3,4,3,4,-1,-1
3,14,44,3,3,3,3,0,0
3,15,45,3,2,2,2,0,1
3,16,46,3,3,3,3,0,0
3,17,47,3,4,3,4,-1,-1
3,18,48,3,4,3,4,-1,-1
3,19,49,3,3,3,3,0,0
3,20,50,3,2,2,2,0,1
3,21,51,3,3,3,3,0,0
3,22,52,3,4,3,4,-1,-1
3,23,53,3,4,3,4,-1,-1
3,24,54,3,3,3,3,0,0
3,25,55,3,2,2,2,0,1
3,26,56,3,3,3,3,0,0
3,27,57,3,4,3,4,-1,-1
3,28,58,3,4,3,4,-1,-1
3,29,59,3,3,3,3,0,0
3,30,0,3,4,3,4,-1,-1
3,31,1,3,3,3,3,0,0
3,32,2,3,2,2,2,0,1
3,33,3,3,3,3,3,0,0
3,34,4,3,4,3,4,-1,-1
3,35,5,3,6,3,6,-3,-3
3,36,6,3,4,3,4,-1,-1
3,37,7,3,2,2,2,0,1
3,38,8,3,2,2,2,0,1
3,39,9,3,4,3,4,-1,-1
3,40,10,3,2,2,2,0,1
3,41,11,3,3,3,3,0,0
3,42,12,3,4,3,4,-1,-1
3,43,13,3,4,3,4,-1,-1
3,44,14,3,3,3,3,0,0
3,45,15,3,2,2,2,0,1
3,46,16,3,3,3,3,0,0
3,47,17,3,4,3,4,-1,-1
3,48,18,3,4,3,4,-1,-1
3,49,19,3,3,3,3,0,0
3,50,20,3,2,2,2,0,1
3,51,21,3,3,3,3,0,0
3,52,22,3,4,3,4,-1,-1
3,53,23,3,4,3,4,-1,-1
3,54,24,3,3,3,3,0,0
3,55,25,3,2,2,2,0,1
3,56,26,3,3,3,3,0,0
3,57,27,3,4,3,4,-1,-1
3,58,28,3,4,3,4,-1,-1
3,59,29,3,3,3,3,0,0
4,0,30,3,4,3,4,-1,-1
4,1,31,3,3,3,3,0,0
4,2,32,3,2,2,2,0,1
4,3,33,3,3,3,3,0,0
4,4,34,3,4,3,4,-1,-1
4,5,35,3,6,3,6,-3,-3
4,6,36,3,4,3,4,-1,-1
4,7,37,3,2,2,2,0,1
4,8,38,3,2,2,2,0,1
4,9,39,3,4,3,4,-1,-1
4,10,40,3,2,2,2,0,1
4,11,41,3,3,3,3,0,0
4,12,42,3,4,3,4,-1,-1
4,13,43,3,4,3,4,-1,-1
4,14,44,3,3,3,3,0,0
4,15,45,3,2,2,2,0,1
4,16,46,3,3,3,3,0,0
4,17,47,3,4,3,4,-1,-1
4,18,48,3,4,3,4,-1,-1
4,19,49,3,3,3,3,0,0
4,20,50,3,2,2,2,0,1
4,21,51,3,3,3,3,0,0
4,22,52,3,4,3,4,-1,-1
4,23,53,3,4,3,4,-1,-1
4,24,54,3,3,3,3,0,0
4,25,55,3,2,2,2,0,1
4,26,56,3,3,3,3,0,0
4,27,57,3,4,3,4,-1,-1
4,28,58,3,4,3,4,-1,-1
4,29,59,3,3,3,3,0,0
4,30,0,3,4,3,4,-1,-1
4,31,1,3,3,3,3,0,0
4,32,2,3,2,2,2,0,1
4,33,3,3,3,3,3,0,0
4,34,4,3,4,3,4,-1,-1
4,35,5,3,6,3,6,-3,-3
4,36,6,3,4,3,4,-1,-1
4,37,7,3,2,2,2,0,1
4,38,8,3,2,2,2,0,1
4,39,9,3,4,3,4,-1,-1
4,40,10,3,2,2,2,0,1
4,41,11,3,3,3,3,0,0
4,42,12,3,4,3,4,-1,-1
4,43,13,3,4,3,4,-1,-1
4,44,14,3,3,3,3,0,0
4,45,15,3,2,2,2,0,1
4,46,16,3,3,3,3,0,0
4,47,17,3,4,3,4,-1,-1
4,48,18,3,4,3,4,-1,-1
4,49,19,3,3,3,3,0,0
4,50,20,3,2,2,2,0,1
4,51,21,3,3,3,3,0,0
4,52,22,3,4,3,4,-1,-1
4,53,23,3,4,3,4,-1,-1
4,54,24,3,3,3,3,0,0
4,55,25,3,2,2,2,0,1
4,56,26,3,3,3,3,0,0
4,57,27,3,4,3,4,-1,-1
4,58,28,3,4,3,4,-1,-1
4,59,29,3,3,3,3,0,0
5,0,30,3,4,3,4,-1,-1
5,1,31,3,3,3,3,0,0
5,2,32,3,2,2,2,0,1
5,3,33,3,3,3,3,0,0
5,4,34,3,4,3,4,-1,-1
5,5,35,3,6,3,6,-3,-3
5,6,36,3,4,3,4,-1,-1
5,7,37,3,2,2,2,0,1
5,8,38,3,2,2,2,0,1
5,9,39,3,4,3,4,-1,-1
5,10,40,3,2,2,2,0,1
5,11,41,3,3,3,3,0,0
5,12,42,3,4,3,4,-1,-1
5,13,43,3,4,3,4,-1,-1
5,14,44,3,3,3,3,0,0
5,15,45,3,2,2,2,0,1
5,16,46,3,3,3,3,0,0
5,17,47,3,4,3,4,-1,-1
5,18,48,3,4,3,4,-1,-1
5,19,49,3,3,3,3,0,0
5,20,50,3,2,2,2,0,1
5,21,51,3,3,3,3,0,0
5,22,52,3,4,3,4,-1,-1
5,23,53,3,4,3,4,-1,-1
5,24,54,3,3,3,3,0,0
5,25,55,3,2,2,2,0,1
5,26,56,3,3,3,3,0,0
5,27,57,3,4,3,4,-1,-1
5,28,58,3,4,3,4,-1,-1
5,29,59,3,3,3,3,0,0
5,30,0,3,4,3,4,-1,-1
5,31,1,3,3,3,3,0,0
5,32,2,3,2,2,2,0,1
5,33,3,3,3,3,3,0,0
5,34,4,3,4,3,4,-1,-1
5,35,5,3,6,3,6,-3,-3
5,36,6,3,4,3,4,-1,-1
5,37,7,3,2,2,2,0,1
5,38,8,3,2,2,2,0,1
5,39,9,3,4,3,4,-1,-1
5,40,10,3,2,2,2,0,1
5,41,11,3,3,3,3,0,0
5,42,12,3,4,3,4,-1,-1
5,43,13,3,4,3,4,-1,-1
5,44,14,3,3,3,3,0,0
5,45,15,3,2,2,2,0,1
5,46,16,3,3,3,3,0,0
5,47,17,3,4,3,4,-1,-1
5,48,18,3,4,3,4,-1,-1
5,49,19,3,3,3,3,0,0
5,50,20,3,2,2,2,0,1
5,51,21,3,3,3,3,0,0
5,52,22,3,4,3,4,-1,-1
5,53,23,3,4,3,4,-1,-1
5,54,24,3,3,3,3,0,0
5,55,25,3,2,2,2,0,1
5,56,26,3,3,3,3,0,0
5,57,27,3,4,3,4,-1,-1
5,58,28,3,4,3,4,-1,-1
5,59,29,3,3,3,3,0,0
6,0,30,3,4,3,4,-1,-1
6,1,31,3,3,3,3,0,0
6,2,32,3,2,2,2,0,1
6,3,33,3,3,3,3,0,0
6,4,34,3,4,3,4,-1,-1
6,5,35,3,6,3,6,-3,-3
6,6,36,3,4,3,4,-1,-1
6,7,37,3,2,2,2,0,1
6,8,38,3,2,2,2,0,1
6,9,39,3,4,3,4,-1,-1
6,10,40,3,2,2,2,0,1
6,11,41,3,3,3,3,0,0
6,12,42,3,4,3,4,-1,-1
6,13,43,3,4,3,4,-1,-1
6,14,44,3,3,3,3,0,0
6,15,45,3,2,2,2,0,1
6,16,46,3,3,3,3,0,0
6,17,47,3,4,3,4,-1,-1
6,18,48,3,4,3,4,-1,-1
6,19,49,3,3,3,3,0,0
6,20,50,3,2,2,2,0,1
6,21,51,3,3,3,3,0,0
6,22,52,3,4,3,4,-1,-1
6,23,53,3,4,3,4,-1,-1
6,24,54,3,3,3,3,0,0
6,25,55,3,2,2,2,0,1
6,26,56,3,3,3,3,0,0
6,27,57,3,4,3,4,-1,-1
6,28,58,3,4,3,4,-1,-1
6,29,59,3,3,3,3,0,0
6,30,0,3,4,3,4,-1,-1
6,31,1,3,3,3,3,0,0
6,32,2,3,2,2,2,0,1
6,33,3,3,3,3,3,0,0
6,34,4,3,4,3,4,-1,-1
6,35,5,3,6,3,6,-3,-3
6,36,6,3,4,3,4,-1,-1
6,37,7,3,2,2,2,0,1
6,38,8,3,2,2,2,0,1
6,39,9,3,4,3,4,-1,-1
6,40,10,3,2,2,2,0,1
6,41,11,3,3,3,3,0,0
6,42,12,3,4,3,4,-1,-1
6,43,13,3,4,3,4,-1,-1
6,44,14,3,3,3,3,0,0
6,45,15,3,2,2,2,0,1
6,46,16,3,3,3,3,0,0
6,47,17,3,4,3,4,-1,-1
6,48,18,3,4,3,4,-1,-1
6,49,19,3,3,3,3,0,0
6,50,20,3,2,2,2,0,1
6,51,21,3,3,3,3,0,0
6,52,22,3,4,3,4,-1,-1
6,53,23,3,4,3,4,-1,-1
6,54,24,3,3,3,3,0,0
6,55,25,3,2,2,2,0,1
6,56,26,3,3,3,3,0,0
6,57,27,3,4,3,4,-1,-1
6,58,28,3,4,3,4,-1,-1
6,59,29,3,3,3,3,0,0
7,0,30,3,4,3,4,-1,-1
7,1,31,3,3,3,3,0,0
7,2,32,3,2,2,2,0,1
7,3,33,3,3,3,3,0,0
7,4,34,3,4,3,4,-1,-1
7,5,35,3,6,3,6,-3,-3
7,6,36,3,4,3,4,-1,-1
7,7,37,3,2,2,2,0,1
7,8,38,3,2,2,2,0,1
7,9,39,3,4,3,4,-1,-1
7,10,40,3,2,2,2,0,1
7,11,41,3,3,3,3,0,0
7,12,42,3,4,3,4,-1,-1
7,13,43,3,4,3,4,-1,-1
7,14,44,3,3,3,3,0,0
7,15,45,3,2,2,2,0,1
7,16,46,3,3,3,3,0,0
7,17,47,3,4,3,4,-1,-1
7,18,48,3,4,3,4,-1,-1
7,19,49,3,3,3,3,0,0
7,20,50,3,2,2,2,0,1
7,21,51,3,3,3,3,0,0
7,22,52,3,4,3,4,-1,-1
7,23,53,3,4,3,4,-1,-1
7,24,54,3,3,3,3,0,0
7,25,55,3,2,2,2,0,1
7,26,56,3,3,3,3,0,0
7,27,57,3,4,3,4,-1,-1
7,28,58,3,4,3,4,-1,-1
7,29,59,3,3,3,3,0,0
7,30,0,3,4,3,4,-1,-1
7,31,1,3,3,3,3,0,0
7,32,2,3,2,2,2,0,1
7,33,3,3,3,3,3,0,0
7,34,4,3,4,3,4,-1,-1
7,35,5,3,6,3,6,-3,-3
7,36,6,3,4,3,4,-1,-1
7,37,7,3,2,2,2,0,1
7,38,8,3,2,2,2,0,1
7,39,9,3,4,3,4,-1,-1
7,40,10,3,2,2,2,0,1
7,41,11,3,3,3,3,0,0
7,42,12,3,4,3,4,-1,-1
7,43,13,3,4,3,4,-1,-1
7,44,14,3,3,3,3,0,0
7,45,15,3,2,2,2,0,1
7,46,16,3,3,3,3,0,0
7,47,17,3,4,3,4,-1,-1
7,48,18,3,4,3,4,-1,-1
7,49,19,3,3,3,3,0,0
7,50,20,3,2,2,2,0,1
7,51,21,3,3,3,3,0,0
7,52,22,3,4,3,4,-1,-1
7,53,23,3,4,3,4,-1,-1
7,54,24,3,3,3,3,0,0
7,55,25,3,2,2,2,0,1
7,56,26,3,3,3,3,0,0
7,57,27,3,4,3,4,-1,-1
7,58,28,3,4,3,4,-1,-1
7,59,29,3,3,3,3,0,0
8,0,30,3,4,3,4,-1,-1
8,1,31,3,3,3,3,0,0
8,2,32,3,2,2,2,0,1
8,3,33,3,3,3,3,0,0
8,4,34,3,4,3,4,-1,-1
8,5,35,3,6,3,6,-3,-3
8,6,36,3,4,3,4,-1,-1
8,7,37,3,2,2,2,0,1
8,8,38,3,2,2,2,0,1
8,9,39,3,4,3,4,-1,-1
8,10,40,3,2,2,2,0,1
8,11,41,3,3,3,3,0,0
8,12,42,3,4,3,4,-1,-1
8,13,43,3,4,3,4,-1,-1
8,14,44,3,3,3,3,0,0
8,15,45,3,2,2,2,0,1
8,16,46,3,3,3,3,0,0
8,17,47,3,4,3,4,-1,-1
8,18,48,3,4,3,4,-1,-1
8,19,49,3,3,3,3,0,0
8,20,50,3,2,2,2,0,1
8,21,51,3,3,3,3,0,0
8,22,52,3,4,3,4,-1,-1
8,23,53,3,4,3,4,-1,-1
8,24,54,3,3,3,3,0,0
8,25,55,3,2,2,2,0,1
8,26,56,3,3,3,3,0,0
8,27,57,3,4,3,4,-1,-1
8,28,58,3,4,3,4,-1,-1
8,29,59,3,3,3,3,0,0
8,30,0,3,4,3,4,-1,-1
8,31,1,3,3,3,3,0,0
8,32,2,3,2,2,2,0,1
8,33,3,3,3,3,3,0,0
8,34,4,3,4,3,4,-1,-1
8,35,5,3,6,3,6,-3,-3
8,36,6,3,4,3,4,-1,-1
8,37,7,3,2,2,2,0,1
8,38,8,3,2,2,2,0,1
8,39,9,3,4,3,4,-1,-1
8,40,10,3,2,2,2,0,1
8,41,11,3,3,3,3,0,0
8,42,12,3,4,3,4,-1,-1
8,43,13,3,4,3,4,-1,-1
8,44,14,3,3,3,3,0,0
8,45,15,3,2,2,2,0,1
8,46,16,3,3,3,3,0,0
8,47,17,3,4,3,4,-1,-1
8,48,18,3,4,3,4,-1,-1
8,49,19,3,3,3,3,0,0
8,50,20,3,2,2,2,0,1
8,51,21,3,3,3,3,0,0
8,52,22,3,4,3,4,-1,-1
8,53,23,3,4,3,4,-1,-1
8,54,24,3,3,3,3,0,0
8,55,25,3,2,2,2,0,1
8,56,26,3,3,3,3,0,0
8,57,27,3,4,3,4,-1,-1
8,58,28,3,4,3,4,-1,-1
8,59,29,3,3,3,3,0,0
9,0,30,5,4,4,4,0,1
9,1,31,5,3,3,3,0,2
9,2,32,5,2,2,2,0,3
9,3,33,5,3,3,3,0,2
9,4,34,5,4,4,4,0,1
9,5,35,5,6,5,6,-1,-1
9,6,36,5,4,4,4,0,1
9,7,37,5,2,2,2,0,3
9,8,38,5,2,2,2,0,3
9,9,39,5,4,4,4,0,1
9,10,40,5,2,2,2,0,3
9,11,41,5,3,3,3,0,2
9,12,42,5,4,4,4,0,1
9,13,43,5,4,4,4,0,1
9,14,44,5,3,3,3,0,2
9,15,45,5,2,2,2,0,3
9,16,46,5,3,3,3,0,2
9,17,47,5,4,4,4,0,1
9,18,48,5,4,4,4,0,1
9,19,49,5,3,3,3,0,2
9,20,50,5,2,2,2,0,3
9,21,51,5,3,3,3,0,2
9,22,52,5,4,4,4,0,1
9,23,53,5,4,4,4,0,1
9,24,54,5,3,3,3,0,2
9,25,55,5,2,2,2,0,3
9,26,56,5,3,3,3,0,2
9,27,57,5,4,4,4,0,1
9,28,58,5,4,4,4,0,1
9,29,59,5,3,3,3,0,2
9,30,0,5,4,4,4,0,1
9,31,1,5,3,3,3,0,2
9,32,2,5,2,2,2,0,3
9,33,3,5,3,3,3,0,2
9,34,4,5,4,4,4,0,1
9,35,5,5,6,5,6,-1,-1
9,36,6,5,4,4,4,0,1
9,37,7,5,2,2,2,0,3
9,38,8,5,2,2,2,0,3
9,39,9,5,4,4,4,0,1
9,40,10,5,2,2,2,0,3
9,41,11,5,3,3,3,0,2
9,42,12,5,4,4,4,0,1
9,43,13,5,4,4,4,0,1
9,44,14,5,3,3,3,0,2
9,45,15,5,2,2,2,0,3
9,46,16,5,3,3,3,0,2
9,47,17,5,4,4,4,0,1
9,48,18,5,4,4,4,0,1
9,49,19,5,3,3,3,0,2
9,50,20,5,2,2,2,0,3
9,51,21,5,3,3,3,0,2
9,52,22,5,4,4,4,0,1
9,53,23,5,4,4,4,0,1
9,54,24,5,3,3,3,0,2
9,55,25,5,2,2,2,0,3
9,56,26,5,3,3,3,0,2
9,57,27,5,4,4,4,0,1
9,58,28,5,4,4,4,0,1
9,59,29,5,3,3,3,0,2
10,0,30,3,4,3,4,-1,-1
10,1,31,3,3,3,3,0,0
10,2,32,3,2,2,2,0,1
10,3,33,3,3,3,3,0,0
10,4,34,3,4,3,4,-1,-1
10,5,35,3,6,3,6,-3,-3
10,6,36,3,4,3,4,-1,-1
10,7,37,3,2,2,2,0,1
10,8,38,3,2,2,2,0,1
10,9,39,3,4,3,4,-1,-1
10,10,40,3,2,2,2,0,1
10,11,41,3,3,3,3,0,0
10,12,42,3,4,3,4,-1,-1
10,13,43,3,4,3,4,-1,-1
10,14,44,3,3,3,3,0,0
10,15,45,3,2,2,2,0,1
10,16,46,3,3,3,3,0,0
10,17,47,3,4,3,4,-1,-1
10,18,48,3,4,3,4,-1,-1
10,19,49,3,3,3,3,0,0
10,20,50,3,2,2,2,0,1
10,21,51,3,3,3,3,0,0
10,22,52,3,4,3,4,-1,-1
10,23,53,3,4,3,4,-1,-1
10,24,54,3,3,3,3,0,0
10,25,55,3,2,2,2,0,1
10,26,56,3,3,3,3,0,0
10,27,57,3,4,3,4,-1,-1
10,28,58,3,4,3,4,-1,-1
10,29,59,3,3,3,3,0,0
10,30,0,3,4,3,4,-1,-1
10,31,1,3,3,3,3,0,0
10,32,2,3,2,2,2,0,1
10,33,3,3,3,3,3,0,0
10,34,4,3,4,3,4,-1,-1
10,35,5,3,6,3,6,-3,-3
10,36,6,3,4,3,4,-1,-1
10,37,7,3,2,2,2,0,1
10,38,8,3,2,2,2,0,1
10,39,9,3,4,3,4,-1,-1
10,40,10,3,2,2,2,0,1
10,41,11,3,3,3,3,0,0
10,42,12,3,4,3,4,-1,-1
10,43,13,3,4,3,4,-1,-1
10,44,14,3,3,3,3,0,0
10,45,15,3,2,2,2,0,1
10,46,16,3,3,3,3,0,0
10,47,17,3,4,3,4,-1,-1
10,48,18,3,4,3,4,-1,-1
10,49,19,3,3,3,3,0,0
10,50,20,3,2,2,2,0,1
10,51,21,3,3,3,3,0,0
10,52,22,3,4,3,4,-1,-1
10,53,23,3,4,3,4,-1,-1
10,54,24,3,3,3,3,0,0
10,55,25,3,2,2,2,0,1
10,56,26,3,3,3,3,0,0
10,57,27,3,4,3,4,-1,-1
10,58,28,3,4,3,4,-1,-1
10,59,29,3,3,3,3,0,0
11,0,30,5,4,4,4,0,1
11,1,31,5,3,3,3,0,2
11,2,32,5,2,2,2,0,3
11,3,33,5,3,3,3,0,2
11,4,34,5,4,4,4,0,1
11,5,35,5,6,5,6,-1,-1
11,6,36,5,4,4,4,0,1
11,7,37,5,2,2,2,0,3
11,8,38,5,2,2,2,0,3
11,9,39,5,4,4,4,0,1
11,10,40,5,2,2,2,0,3
11,11,41,5,3,3,3,0,2
11,12,42,5,4,4,4,0,1
11,13,43,5,4,4,4,0,1
11,14,44,5,3,3,3,0,2
11,15,45,5,2,2,2,0,3
11,16,46,5,3,3,3,0,2
11,17,47,5,4,4,4,0,1
11,18,48,5,4,4,4,0,1
11,19,49,5,3,3,3,0,2
11,20,50,5,2,2,2,0,3
11,21,51,5,3,3,3,0,2
11,22,52,5,4,4,4,0,1
11,23,53,5,4,4,4,0,1
11,24,54,5,3,3,3,0,2
11,25,55,5,2,2,2,0,3
11,26,56,5,3,3,3,0,2
11,27,57,5,4,4,4,0,1
11,28,58,5,4,4,4,0,1
11,29,59,5,3,3,3,0,2
11,30,0,5,4,4,4,0,1
11,31,1,5,3,3,3,0,2
11,32,2,5,2,2,2,0,3
11,33,3,5,3,3,3,0,2
11,34,4,5,4,4,4,0,1
11,35,5,5,6,5,6,-1,-1
11,36,6,5,4,4,4,0,1
11,37,7,5,2,2,2,0,3
11,38,8,5,2,2,2,0,3
11,39,9,5,4,4,4,0,1
11,40,10,5,2,2,2,0,3
11,41,11,5,3,3,3,0,2
11,42,12,5,4,4,4,0,1
11,43,13,5,4,4,4,0,1
11,44,14,5,3,3,3,0,2
11,45,15,5,2,2,2,0,3
11,46,16,5,3,3,3,0,2
11,47,17,5,4,4,4,0,1
11,48,18,5,4,4,4,0,1
11,49,19,5,3,3,3,0,2
11,50,20,5,2,2,2,0,3
11,51,21,5,3,3,3,0,2
11,52,22,5,4,4,4,0,1
11,53,23,5,4,4,4,0,1
11,54,24,5,3,3,3,0,2
11,55,25,5,2,2,2,0,3
11,56,26,5,3,3,3,0,2
11,57,27,5,4,4,4,0,1
11,58,28,5,4,4,4,0,1
11,59,29,5,3,3,3,0,2
12,0,30,5,4,4,4,0,1
12,1,31,5,3,3,3,0,2
12,2,32,5,2,2,2,0,3
12,3,33,5,3,3,3,0,2
12,4,34,5,4,4,4,0,1
12,5,35,5,6,5,6,-1,-1
12,6,36,5,4,4,4,0,1
12,7,37,5,2,2,2,0,3
12,8,38,5,2,2,2,0,3
12,9,39,5,4,4,4,0,1
12,10,40,5,2,2,2,0,3
12,11,41,5,3,3,3,0,2
12,12,42,5,4,4,4,0,1
12,13,43,5,4,4,4,0,1
12,14,44,5,3,3,3,0,2
12,15,45,5,2,2,2,0,3
12,16,46,5,3,3,3,0,2
12,17,47,5,4,4,4,0,1
12,18,48,5,4,4,4,0,1
12,19,49,5,3,3,3,0,2
12,20,50,5,2,2,2,0,3
12,21,51,5,3,3,3,0,2
12,22,52,5,4,4,4,0,1
12,23,53,5,4,4,4,0,1
12,24,54,5,3,3,3,0,2
12,25,55,5,2,2,2,0,3
12,26,56,5,3,3,3,0,2
12,27,57,5,4,4,4,0,1
12,28,58,5,4,4,4,0,1
12,29,59,5,3,3,3,0,2
12,30,0,5,4,4,4,0,1
12,31,1,5,3,3,3,0,2
12,32,2,5,2,2,2,0,3
12,33,3,5,3,3,3,0,2
12,34,4,5,4,4,4,0,1
12,35,5,5,6,5,6,-1,-1
12,36,6,5,4,4,4,0,1
12,37,7,5,2,2,2,0,3
12,38,8,5,2,2,2,0,3
12,39,9,5,4,4,4,0,1
12,40,10,5,2,2,2,0,3
12,41,11,5,3,3,3,0,2
12,42,12,5,4,4,4,0,1
12,43,13,5,4,4,4,0,1
12,44,14,5,3,3,3,0,2
12,45,15,5,2,2,2,0,3
12,46,16,5,3,3,3,0,2
12,47,17,5,4,4,4,0,1
12,48,18,5,4,4,4,0,1
12,49,19,5,3,3,3,0,2
12,50,20,5,2,2,2,0,3
12,51,21,5,3,3,3,0,2
12,52,22,5,4,4,4,0,1
12,53,23,5,4,4,4,0,1
12,54,24,5,3,3,3,0,2
12,55,25,5,2,2,2,0,3
12,56,26,5,3,3,3,0,2
12,57,27,5,4,4,4,0,1
12,58,28,5,4,4,4,0,1
12,59,29,5,3,3,3,0,2
13,0,30,5,4,4,4,0,1
13,1,31,5,3,3,3,0,2
13,2,32,5,2,2,2,0,3
13,3,33,5,3,3,3,0,2
13,4,34,5,4,4,4,0,1
13,5,35,5,6,5,6,-1,-1
13,6,36,5,4,4,4,0,1
13,7,37,5,2,2,2,0,3
13,8,38,5,2,2,2,0,3
13,9,39,5,4,4,4,0,1
13,10,40,5,2,2,2,0,3
13,11,41,5,3,3,3,0,2
13,12,42,5,4,4,4,0,1
13,13,43,5,4,4,4,0,1
13,14,44,5,3,3,3,0,2
13,15,45,5,2,2,2,0,3
13,16,46,5,3,3,3,0,2
13,17,47,5,4,4,4,0,1
13,18,48,5,4,4,4,0,1
13,19,49,5,3,3,3,0,2
13,20,50,5,2,2,2,0,3
13,21,51,5,3,3,3,0,2
13,22,52,5,4,4,4,0,1
13,23,53,5,4,4,4,0,1
13,24,54,5,3,3,3,0,2
13,25,55,5,2,2,2,0,3
13,26,56,5,3,3,3,0,2
13,27,57,5,4,4,4,0,1
13,28,58,5,4,4,4,0,1
13,29,59,5,3,3,3,0,2
13,30,0,5,4,4,4,0,1
13,31,1,5,3,3,3,0,2
13,32,2,5,2,2,2,0,3
13,33,3,5,3,3,3,0,2
13,34,4,5,4,4,4,0,1
13,35,5,5,6,5,6,-1,-1
13,36,6,5,4,4,4,0,1
13,37,7,5,2,2,2,0,3
13,38,8,5,2,2,2,0,3
13,39,9,5,4,4,4,0,1
13,40,10,5,2,2,2,0,3
13,41,11,5,3,3,3,0,2
13,42,12,5,4,4,4,0,1
13,43,13,5,4,4,4,0,1
13,44,14,5,3,3,3,0,2
13,45,15,5,2,2,2,0,3
13,46,16,5,3,3,3,0,2
13,47,17,5,4,4,4,0,1
13,48,18,5,4,4,4,0,1
13,49,19,5,3,3,3,0,2
13,50,20,5,2,2,2,0,3
13,51,21,5,3,3,3,0,2
13,52,22,5,4,4,4,0,1
13,53,23,5,4,4,4,0,1
13,54,24,5,3,3,3,0,2
13,55,25,5,2,2,2,0,3
13,56,26,5,3,3,3,0,2
13,57,27,5,4,4,4,0,1
13,58,28,5,4,4,4,0,1
13,59,29,5,3,3,3,0,2
14,0,30,3,4,3,4,-1,-1
14,1,31,3,3,3,3,0,0
14,2,32,3,2,2,2,0,1
14,3,33,3,3,3,3,0,0
14,4,34,3,4,3,4,-1,-1
14,5,35,3,6,3,6,-3,-3
14,6,36,3,4,3,4,-1,-1
14,7,37,3,2,2,2,0,1
14,8,38,3,2,2,2,0,1
14,9,39,3,4,3,4,-1,-1
14,10,40,3,2,2,2,0,1
14,11,41,3,3,3,3,0,0
14,12,42,3,4,3,4,-1,-1
14,13,43,3,4,3,4,-1,-1
14,14,44,3,3,3,3,0,0
14,15,45,3,2,2,2,0,1
14,16,46,3,3,3,3,0,0
14,17,47,3,4,3,4,-1,-1
14,18,48,3,4,3,4,-1,-1
14,19,49,3,3,3,3,0,0
14,20,50,3,2,2,2,0,1
14,21,51,3,3,3,3,0,0
14,22,52,3,4,3,4,-1,-1
14,23,53,3,4,3,4,-1,-1
14,24,54,3,3,3,3,0,0
14,25,55,3,2,2,2,0,1
14,26,56,3,3,3,3,0,0
14,27,57,3,4,3,4,-1,-1
14,28,58,3,4,3,4,-1,-1
14,29,59,3,3,3,3,0,0
14,30,0,3,4,3,4,-1,-1
14,31,1,3,3,3,3,0,0
14,32,2,3,2,2,2,0,1
14,33,3,3,3,3,3,0,0
14,34,4,3,4,3,4,-1,-1
14,35,5,3,6,3,6,-3,-3
14,36,6,3,4,3,4,-1,-1
14,37,7,3,2,2,2,0,1
14,38,8,3,2,2,2,0,1
14,39,9,3,4,3,4,-1,-1
14,40,10,3,2,2,2,0,1
14,41,11,3,3,3,3,0,0
14,42,12,3,4,3,4,-1,-1
14,43,13,3,4,3,4,-1,-1
14,44,14,3,3,3,3,0,0
14,45,15,3,2,2,2,0,1
14,46,16,3,3,3,3,0,0
14,47,17,3,4,3,4,-1,-1
14,48,18,3,4,3,4,-1,-1
14,49,19,3,3,3,3,0,0
14,50,20,3,2,2,2,0,1
14,51,21,3,3,3,3,0,0
14,52,22,3,4,3,4,-1,-1
14,53,23,3,4,3,4,-1,-1
14,54,24,3,3,3,3,0,0
14,55,25,3,2,2,2,0,1
14,56,26,3,3,3,3,0,0
14,57,27,3,4,3,4,-1,-1
14,58,28,3,4,3,4,-1,-1
14,59,29,3,3,3,3,0,0
